{"stat.walkOneCm":43104,"stat.pickup.minecraft.bone":1,"stat.useItem.minecraft.torch":7,"stat.pickup.minecraft.stick":5,"stat.leaveGame":1,"stat.pickup.minecraft.arrow":2,"stat.useItem.minecraft.log":5,"stat.craftItem.minecraft.crafting_table":1,"stat.mineBlock.minecraft.coal_ore":50,"stat.useItem.dynamictrees.oakseed":3,"stat.pickup.minecraft.log":22,"stat.jump":331,"stat.swimOneCm":4115,"stat.pickup.minecraft.coal":50,"stat.fallOneCm":7737,"stat.entityKilledBy.Skeleton":1,"stat.useItem.minecraft.stone_axe":2,"stat.crouchOneCm":1100,"stat.craftItem.minecraft.torch":32,"stat.pickup.minecraft.dirt":2,"stat.sprintOneCm":45817,"stat.useItem.minecraft.stone_slab2":4,"stat.craftItem.minecraft.stick":16,"stat.craftingTableInteraction":3,"stat.killEntity.Skeleton":1,"stat.pickup.minecraft.sand":2,"stat.craftItem.minecraft.planks":28,"stat.useItem.minecraft.egg":2,"stat.craftItem.minecraft.stone_axe":1,"stat.damageTaken":546,"stat.craftItem.minecraft.stone_pickaxe":1,"stat.useItem.minecraft.wooden_pickaxe":10,"stat.mobKills":2,"stat.pickup.minecraft.cobblestone":23,"stat.pickup.dynamictrees.oakseed":6,"stat.pickup.minecraft.reeds":2,"stat.craftItem.minecraft.stone_sword":1,"stat.flyOneCm":38972,"stat.deaths":2,"tombstone:undead_killed":1,"stat.drop":1,"stat.pickup.minecraft.egg":2,"stat.mineBlock.minecraft.sand":2,"stat.playOneMinute":15783,"stat.drop.tombstone.gift":1,"stat.pickup.minecraft.torch":1,"stat.useItem.minecraft.stone_pickaxe":65,"stat.useItem.minecraft.stone_sword":10,"stat.sneakTime":458,"stat.damageDealt":496,"stat.timeSinceDeath":4976,"stat.mineBlock.minecraft.dirt":2,"stat.craftItem.minecraft.wooden_pickaxe":1,"stat.mineBlock.minecraft.stone":24}