{"stat.pickup.minecraft.bone":5,"stat.leaveGame":6,"stat.pickup.minecraft.arrow":7,"stat.mineBlock.minecraft.cobblestone":16,"stat.pickup.minecraft.stone_pickaxe":2,"stat.pickup.minecraft.stone_axe":1,"stat.jump":639,"stat.swimOneCm":15511,"stat.useItem.minecraft.sand":2,"stat.pickup.minecraft.coal":50,"stat.fallOneCm":26641,"stat.climbOneCm":163,"stat.useItem.minecraft.stone_axe":6,"stat.crouchOneCm":5920,"stat.pickup.minecraft.spider_eye":1,"stat.craftItem.minecraft.torch":48,"stat.pickup.minecraft.dirt":49,"stat.useItem.minecraft.dirt":34,"stat.useItem.minecraft.stone_slab2":13,"stat.craftingTableInteraction":13,"stat.pickup.minecraft.rotten_flesh":6,"stat.pickup.minecraft.sand":8,"stat.pickup.charm.record_creative6":1,"stat.useItem.minecraft.egg":2,"stat.craftItem.minecraft.stone_axe":1,"stat.pickup.minecraft.wooden_pickaxe":1,"stat.damageTaken":2139,"stat.craftItem.minecraft.stone_pickaxe":1,"stat.useItem.minecraft.wooden_pickaxe":14,"stat.pickup.minecraft.cobblestone":290,"stat.pickup.minecraft.planks":18,"stat.pickup.minecraft.reeds":2,"stat.useItem.minecraft.stone_shovel":30,"stat.craftItem.minecraft.stone_sword":1,"stat.flyOneCm":72984,"tombstone:undead_killed":9,"stat.mineBlock.minecraft.sand":6,"stat.drop.tombstone.gift":1,"stat.entityKilledBy.Zombie":2,"stat.useItem.minecraft.stone_pickaxe":329,"stat.useItem.minecraft.stone_sword":44,"stat.damageDealt":2673,"stat.timeSinceDeath":554,"stat.mineBlock.minecraft.dirt":39,"stat.craftItem.minecraft.wooden_pickaxe":1,"stat.craftItem.minecraft.stone_shovel":1,"stat.walkOneCm":170857,"stat.useItem.minecraft.torch":9,"stat.playerKills":2,"stat.pickup.minecraft.stick":24,"stat.pickup.minecraft.wooden_axe":1,"stat.useItem.minecraft.log":10,"stat.useItem.minecraft.cobblestone":164,"stat.craftItem.minecraft.crafting_table":2,"stat.mineBlock.minecraft.coal_ore":50,"stat.pickup.srparasites.lurecomponent1":1,"stat.useItem.dynamictrees.oakseed":3,"stat.pickup.minecraft.wooden_sword":1,"stat.pickup.minecraft.log":38,"stat.pickup.tombstone.crafting_ingredient":2,"stat.entityKilledBy.Skeleton":3,"stat.sprintOneCm":86276,"stat.craftItem.minecraft.stick":16,"stat.pickup.tombstone.magic_scroll":3,"stat.killEntity.Skeleton":4,"stat.craftItem.minecraft.planks":28,"stat.killEntity.Spider":3,"stat.mobKills":15,"stat.pickup.dynamictrees.oakseed":7,"stat.craftItem.minecraft.wooden_door":3,"stat.mineBlock.minecraft.log":1,"stat.useItem.minecraft.wooden_door":2,"stat.deaths":12,"stat.drop":2,"stat.pickup.minecraft.egg":2,"stat.playOneMinute":60237,"stat.useItem.minecraft.wooden_sword":18,"stat.pickup.minecraft.torch":3,"stat.sneakTime":1662,"stat.killEntity.Zombie":5,"stat.mineBlock.minecraft.stone":278,"stat.drop.minecraft.wooden_axe":1,"stat.diveOneCm":2272}