{"stat.pickup.minecraft.bone":5,"stat.leaveGame":8,"stat.mineBlock.minecraft.cobblestone":23,"stat.pickup.minecraft.stone_pickaxe":2,"stat.mineBlock.srparasites.gore":1,"stat.swimOneCm":28434,"stat.climbOneCm":319,"stat.useItem.minecraft.dirt":34,"stat.useItem.minecraft.stone_slab2":15,"stat.pickup.minecraft.rotten_flesh":6,"stat.pickup.minecraft.sand":8,"stat.pickup.charm.record_creative6":1,"stat.useItem.minecraft.egg":2,"stat.craftItem.minecraft.stone_axe":1,"stat.craftItem.minecraft.stone_pickaxe":1,"stat.pickup.minecraft.cobblestone":305,"stat.useItem.minecraft.stone_shovel":31,"stat.craftItem.minecraft.stone_sword":1,"stat.flyOneCm":107398,"stat.mineBlock.minecraft.sand":6,"stat.drop.tombstone.gift":1,"stat.timeSinceDeath":468,"stat.craftItem.minecraft.wooden_pickaxe":1,"stat.pickup.minecraft.wooden_axe":1,"stat.mineBlock.minecraft.coal_ore":50,"stat.pickup.srparasites.lurecomponent1":1,"stat.pickup.minecraft.wooden_sword":1,"stat.pickup.minecraft.string":1,"stat.pickup.tombstone.crafting_ingredient":2,"stat.entityKilledBy.Skeleton":3,"stat.sprintOneCm":114963,"stat.craftItem.minecraft.stick":16,"stat.pickup.tombstone.magic_scroll":3,"stat.pickup.dynamictrees.oakseed":7,"stat.deaths":23,"stat.drop":4,"stat.pickup.minecraft.egg":2,"stat.playOneMinute":78669,"stat.useItem.minecraft.wooden_sword":53,"stat.killEntity.Zombie":5,"stat.mineBlock.minecraft.tallgrass":1,"stat.diveOneCm":17507,"stat.pickup.minecraft.arrow":7,"stat.pickup.minecraft.stone_axe":1,"stat.jump":931,"stat.useItem.minecraft.sand":2,"stat.pickup.minecraft.coal":50,"stat.fallOneCm":58733,"stat.useItem.minecraft.stone_axe":28,"stat.crouchOneCm":9755,"stat.pickup.minecraft.spider_eye":1,"stat.craftItem.minecraft.torch":48,"stat.pickup.minecraft.dirt":49,"stat.craftingTableInteraction":13,"stat.pickup.minecraft.wooden_pickaxe":1,"stat.damageTaken":5133,"stat.mineBlock.minecraft.torch":1,"stat.useItem.minecraft.wooden_pickaxe":29,"stat.pickup.srparasites.assimilated_flesh":5,"stat.pickup.minecraft.planks":18,"stat.pickup.minecraft.reeds":2,"tombstone:undead_killed":9,"stat.entityKilledBy.Zombie":2,"stat.useItem.minecraft.stone_pickaxe":329,"stat.useItem.minecraft.stone_sword":44,"stat.damageDealt":4794,"stat.mineBlock.minecraft.dirt":39,"stat.craftItem.minecraft.stone_shovel":1,"stat.walkOneCm":219540,"stat.useItem.minecraft.torch":11,"stat.playerKills":2,"stat.pickup.minecraft.stick":24,"stat.useItem.minecraft.log":10,"stat.useItem.minecraft.cobblestone":246,"stat.craftItem.minecraft.crafting_table":2,"stat.useItem.dynamictrees.oakseed":3,"stat.pickup.minecraft.log":38,"stat.drop.srparasites.assimilated_flesh":2,"stat.killEntity.Skeleton":4,"stat.craftItem.minecraft.planks":28,"stat.killEntity.Spider":4,"stat.mobKills":33,"stat.craftItem.minecraft.wooden_door":3,"stat.mineBlock.minecraft.log":1,"stat.useItem.minecraft.wooden_door":2,"stat.pickup.minecraft.torch":10,"stat.sneakTime":4185,"stat.mineBlock.minecraft.stone":286,"stat.drop.minecraft.wooden_axe":1}