{"stat.pickup.minecraft.bone":4,"stat.leaveGame":5,"stat.pickup.minecraft.arrow":7,"stat.mineBlock.minecraft.cobblestone":14,"stat.pickup.minecraft.stone_pickaxe":2,"stat.pickup.minecraft.stone_axe":1,"stat.jump":547,"stat.swimOneCm":11712,"stat.useItem.minecraft.sand":1,"stat.pickup.minecraft.coal":50,"stat.fallOneCm":19265,"stat.climbOneCm":163,"stat.useItem.minecraft.stone_axe":6,"stat.crouchOneCm":4400,"stat.pickup.minecraft.spider_eye":1,"stat.craftItem.minecraft.torch":48,"stat.pickup.minecraft.dirt":49,"stat.useItem.minecraft.dirt":34,"stat.useItem.minecraft.stone_slab2":11,"stat.craftingTableInteraction":13,"stat.pickup.minecraft.rotten_flesh":6,"stat.pickup.minecraft.sand":8,"stat.pickup.charm.record_creative6":1,"stat.useItem.minecraft.egg":2,"stat.craftItem.minecraft.stone_axe":1,"stat.pickup.minecraft.wooden_pickaxe":1,"stat.damageTaken":1268,"stat.craftItem.minecraft.stone_pickaxe":1,"stat.useItem.minecraft.wooden_pickaxe":10,"stat.pickup.minecraft.cobblestone":202,"stat.pickup.minecraft.planks":18,"stat.pickup.minecraft.reeds":2,"stat.useItem.minecraft.stone_shovel":29,"stat.craftItem.minecraft.stone_sword":1,"stat.flyOneCm":61917,"tombstone:undead_killed":8,"stat.mineBlock.minecraft.sand":6,"stat.drop.tombstone.gift":1,"stat.entityKilledBy.Zombie":2,"stat.useItem.minecraft.stone_pickaxe":245,"stat.useItem.minecraft.stone_sword":44,"stat.damageDealt":2428,"stat.timeSinceDeath":11756,"stat.mineBlock.minecraft.dirt":39,"stat.craftItem.minecraft.wooden_pickaxe":1,"stat.craftItem.minecraft.stone_shovel":1,"stat.walkOneCm":144094,"stat.useItem.minecraft.torch":9,"stat.playerKills":2,"stat.pickup.minecraft.stick":24,"stat.pickup.minecraft.wooden_axe":1,"stat.useItem.minecraft.log":10,"stat.useItem.minecraft.cobblestone":109,"stat.craftItem.minecraft.crafting_table":2,"stat.mineBlock.minecraft.coal_ore":50,"stat.pickup.srparasites.lurecomponent1":1,"stat.useItem.dynamictrees.oakseed":3,"stat.pickup.minecraft.wooden_sword":1,"stat.pickup.minecraft.log":38,"stat.pickup.tombstone.crafting_ingredient":2,"stat.entityKilledBy.Skeleton":2,"stat.sprintOneCm":76333,"stat.craftItem.minecraft.stick":16,"stat.pickup.tombstone.magic_scroll":3,"stat.killEntity.Skeleton":3,"stat.craftItem.minecraft.planks":28,"stat.killEntity.Spider":2,"stat.mobKills":13,"stat.pickup.dynamictrees.oakseed":7,"stat.craftItem.minecraft.wooden_door":3,"stat.mineBlock.minecraft.log":1,"stat.useItem.minecraft.wooden_door":2,"stat.deaths":8,"stat.drop":2,"stat.pickup.minecraft.egg":2,"stat.playOneMinute":48349,"stat.useItem.minecraft.wooden_sword":11,"stat.pickup.minecraft.torch":3,"stat.sneakTime":1343,"stat.killEntity.Zombie":5,"stat.mineBlock.minecraft.stone":192,"stat.drop.minecraft.wooden_axe":1,"stat.diveOneCm":1906}