{"stat.pickup.minecraft.rotten_flesh":4,"stat.killEntity.Skeleton":1,"stat.walkOneCm":11174,"stat.pickup.minecraft.stick":4,"stat.craftItem.minecraft.planks":4,"stat.leaveGame":1,"stat.pickup.minecraft.arrow":2,"stat.mineBlock.minecraft.log2":1,"stat.damageTaken":200,"stat.craftItem.minecraft.crafting_table":1,"stat.mobKills":3,"stat.mineBlock.minecraft.brown_mushroom":1,"stat.pickup.dynamictrees.oakseed":2,"stat.pickup.minecraft.log2":1,"stat.flyOneCm":12366,"stat.deaths":1,"tombstone:undead_killed":2,"stat.pickup.minecraft.brown_mushroom":1,"stat.jump":77,"stat.swimOneCm":550,"stat.playOneMinute":4892,"stat.entityKilledBy.Zombie":1,"stat.climbOneCm":167,"stat.sneakTime":2,"stat.damageDealt":298,"stat.killEntity.Zombie":1,"stat.timeSinceDeath":2751,"stat.sprintOneCm":14108,"stat.useItem.minecraft.stone_slab2":1,"stat.mineBlock.minecraft.tallgrass":2,"stat.diveOneCm":308,"stat.craftingTableInteraction":1}