{"stat.pickup.minecraft.bone":2,"stat.leaveGame":3,"stat.pickup.minecraft.arrow":6,"stat.pickup.minecraft.stone_pickaxe":2,"stat.pickup.minecraft.stone_axe":1,"stat.jump":460,"stat.swimOneCm":10601,"stat.useItem.minecraft.sand":1,"stat.pickup.minecraft.coal":50,"stat.fallOneCm":14426,"stat.climbOneCm":163,"stat.useItem.minecraft.stone_axe":4,"stat.crouchOneCm":1440,"stat.pickup.minecraft.spider_eye":1,"stat.craftItem.minecraft.torch":32,"stat.pickup.minecraft.dirt":48,"stat.useItem.minecraft.dirt":34,"stat.useItem.minecraft.stone_slab2":9,"stat.craftingTableInteraction":11,"stat.pickup.minecraft.rotten_flesh":3,"stat.pickup.minecraft.sand":6,"stat.useItem.minecraft.egg":2,"stat.craftItem.minecraft.stone_axe":1,"stat.pickup.minecraft.wooden_pickaxe":1,"stat.damageTaken":1203,"stat.craftItem.minecraft.stone_pickaxe":1,"stat.useItem.minecraft.wooden_pickaxe":10,"stat.pickup.minecraft.cobblestone":120,"stat.pickup.minecraft.planks":18,"stat.pickup.minecraft.reeds":2,"stat.useItem.minecraft.stone_shovel":29,"stat.craftItem.minecraft.stone_sword":1,"stat.flyOneCm":51375,"tombstone:undead_killed":7,"stat.mineBlock.minecraft.sand":4,"stat.drop.tombstone.gift":1,"stat.entityKilledBy.Zombie":1,"stat.useItem.minecraft.stone_pickaxe":164,"stat.useItem.minecraft.stone_sword":44,"stat.damageDealt":2228,"stat.timeSinceDeath":6281,"stat.mineBlock.minecraft.dirt":39,"stat.craftItem.minecraft.wooden_pickaxe":1,"stat.craftItem.minecraft.stone_shovel":1,"stat.walkOneCm":107247,"stat.useItem.minecraft.torch":8,"stat.playerKills":2,"stat.pickup.minecraft.stick":24,"stat.pickup.minecraft.wooden_axe":1,"stat.useItem.minecraft.log":10,"stat.useItem.minecraft.cobblestone":9,"stat.craftItem.minecraft.crafting_table":2,"stat.mineBlock.minecraft.coal_ore":50,"stat.pickup.srparasites.lurecomponent1":1,"stat.useItem.dynamictrees.oakseed":3,"stat.pickup.minecraft.wooden_sword":1,"stat.pickup.minecraft.log":38,"stat.pickup.tombstone.crafting_ingredient":2,"stat.entityKilledBy.Skeleton":1,"stat.sprintOneCm":60107,"stat.craftItem.minecraft.stick":16,"stat.pickup.tombstone.magic_scroll":3,"stat.killEntity.Skeleton":2,"stat.craftItem.minecraft.planks":28,"stat.killEntity.Spider":2,"stat.mobKills":12,"stat.pickup.dynamictrees.oakseed":7,"stat.craftItem.minecraft.wooden_door":3,"stat.mineBlock.minecraft.log":1,"stat.useItem.minecraft.wooden_door":2,"stat.deaths":6,"stat.drop":2,"stat.pickup.minecraft.egg":2,"stat.playOneMinute":30665,"stat.useItem.minecraft.wooden_sword":10,"stat.pickup.minecraft.torch":3,"stat.sneakTime":583,"stat.killEntity.Zombie":5,"stat.mineBlock.minecraft.stone":124,"stat.drop.minecraft.wooden_axe":1,"stat.diveOneCm":1906}