{"stat.chestOpened":1,"stat.pickup.minecraft.bone":1,"stat.leaveGame":2,"stat.pickup.minecraft.arrow":2,"stat.mineBlock.minecraft.brown_mushroom":1,"stat.swimOneCm":612,"stat.jump":234,"stat.climbOneCm":2600,"stat.fallOneCm":2675,"stat.crouchOneCm":63,"stat.useItem.minecraft.stone_slab2":2,"stat.craftingTableInteraction":2,"stat.pickup.minecraft.rotten_flesh":8,"stat.mineBlock.minecraft.log2":1,"stat.damageTaken":570,"stat.pickup.minecraft.log2":1,"stat.flyOneCm":40745,"tombstone:undead_killed":9,"stat.pickup.minecraft.brown_mushroom":2,"stat.entityKilledBy.Zombie":2,"stat.damageDealt":2000,"stat.timeSinceDeath":600,"stat.pickup.minecraft.stained_hardened_clay":4,"stat.craftItem.minecraft.wooden_pickaxe":1,"stat.walkOneCm":46594,"stat.useItem.minecraft.bread":1,"stat.pickup.minecraft.stick":5,"stat.craftItem.minecraft.crafting_table":1,"stat.pickup.srparasites.lurecomponent1":2,"stat.pickup.minecraft.log":10,"stat.pickup.tombstone.crafting_ingredient":1,"stat.entityKilledBy.Skeleton":1,"stat.useItem.minecraft.stained_hardened_clay":3,"stat.sprintOneCm":47555,"stat.pickup.minecraft.ladder":2,"stat.craftItem.minecraft.wooden_axe":1,"stat.killEntity.Skeleton":3,"stat.craftItem.minecraft.planks":44,"stat.mobKills":11,"stat.pickup.dynamictrees.oakseed":10,"stat.deaths":3,"stat.mineBlock.minecraft.leaves":1,"stat.playOneMinute":15473,"stat.useItem.minecraft.ladder":1,"stat.sneakTime":161,"stat.killEntity.Zombie":6,"stat.useItem.minecraft.wooden_axe":28,"stat.mineBlock.minecraft.tallgrass":9,"stat.diveOneCm":843}