{"stat.pickup.minecraft.bone":5,"stat.leaveGame":7,"stat.mineBlock.minecraft.cobblestone":17,"stat.pickup.minecraft.stone_pickaxe":2,"stat.mineBlock.srparasites.gore":1,"stat.swimOneCm":26340,"stat.climbOneCm":163,"stat.useItem.minecraft.dirt":34,"stat.useItem.minecraft.stone_slab2":13,"stat.pickup.minecraft.rotten_flesh":6,"stat.pickup.minecraft.sand":8,"stat.pickup.charm.record_creative6":1,"stat.useItem.minecraft.egg":2,"stat.craftItem.minecraft.stone_axe":1,"stat.craftItem.minecraft.stone_pickaxe":1,"stat.pickup.minecraft.cobblestone":291,"stat.useItem.minecraft.stone_shovel":30,"stat.craftItem.minecraft.stone_sword":1,"stat.flyOneCm":97789,"stat.mineBlock.minecraft.sand":6,"stat.drop.tombstone.gift":1,"stat.timeSinceDeath":1009,"stat.craftItem.minecraft.wooden_pickaxe":1,"stat.pickup.minecraft.wooden_axe":1,"stat.mineBlock.minecraft.coal_ore":50,"stat.pickup.srparasites.lurecomponent1":1,"stat.pickup.minecraft.wooden_sword":1,"stat.pickup.minecraft.string":1,"stat.pickup.tombstone.crafting_ingredient":2,"stat.entityKilledBy.Skeleton":3,"stat.sprintOneCm":104547,"stat.craftItem.minecraft.stick":16,"stat.pickup.tombstone.magic_scroll":3,"stat.pickup.dynamictrees.oakseed":7,"stat.deaths":18,"stat.drop":4,"stat.pickup.minecraft.egg":2,"stat.playOneMinute":69423,"stat.useItem.minecraft.wooden_sword":32,"stat.killEntity.Zombie":5,"stat.diveOneCm":12882,"stat.pickup.minecraft.arrow":7,"stat.pickup.minecraft.stone_axe":1,"stat.jump":807,"stat.useItem.minecraft.sand":2,"stat.pickup.minecraft.coal":50,"stat.fallOneCm":46199,"stat.useItem.minecraft.stone_axe":6,"stat.crouchOneCm":6050,"stat.pickup.minecraft.spider_eye":1,"stat.craftItem.minecraft.torch":48,"stat.pickup.minecraft.dirt":49,"stat.craftingTableInteraction":13,"stat.pickup.minecraft.wooden_pickaxe":1,"stat.damageTaken":3679,"stat.mineBlock.minecraft.torch":1,"stat.useItem.minecraft.wooden_pickaxe":15,"stat.pickup.srparasites.assimilated_flesh":3,"stat.pickup.minecraft.planks":18,"stat.pickup.minecraft.reeds":2,"tombstone:undead_killed":9,"stat.entityKilledBy.Zombie":2,"stat.useItem.minecraft.stone_pickaxe":329,"stat.useItem.minecraft.stone_sword":44,"stat.damageDealt":3475,"stat.mineBlock.minecraft.dirt":39,"stat.craftItem.minecraft.stone_shovel":1,"stat.walkOneCm":198882,"stat.useItem.minecraft.torch":10,"stat.playerKills":2,"stat.pickup.minecraft.stick":24,"stat.useItem.minecraft.log":10,"stat.useItem.minecraft.cobblestone":174,"stat.craftItem.minecraft.crafting_table":2,"stat.useItem.dynamictrees.oakseed":3,"stat.pickup.minecraft.log":38,"stat.drop.srparasites.assimilated_flesh":2,"stat.killEntity.Skeleton":4,"stat.craftItem.minecraft.planks":28,"stat.killEntity.Spider":4,"stat.mobKills":22,"stat.craftItem.minecraft.wooden_door":3,"stat.mineBlock.minecraft.log":1,"stat.useItem.minecraft.wooden_door":2,"stat.pickup.minecraft.torch":3,"stat.sneakTime":1889,"stat.mineBlock.minecraft.stone":278,"stat.drop.minecraft.wooden_axe":1}