{"stat.chestOpened":1,"stat.walkOneCm":82944,"stat.pickup.minecraft.bone":2,"stat.drop.minecraft.rotten_flesh":2,"stat.pickup.minecraft.crafting_table":2,"stat.mineBlock.minecraft.anvil":1,"stat.craftItem.minecraft.crafting_table":1,"stat.pickup.minecraft.log":9,"stat.pickup.minecraft.string":1,"stat.jump":146,"stat.swimOneCm":176,"stat.fallOneCm":1202,"stat.climbOneCm":3083,"stat.pickup.minecraft.furnace":2,"stat.useItem.tombstone.gift":1,"stat.pickup.tombstone.crafting_ingredient":4,"stat.entityKilledBy.Skeleton":2,"stat.crouchOneCm":621,"stat.pickup.minecraft.dirt":16,"stat.useItem.minecraft.dirt":1,"stat.sprintOneCm":44840,"stat.useItem.minecraft.stone_slab2":5,"stat.craftItem.minecraft.stick":8,"stat.craftItem.minecraft.wooden_axe":1,"stat.craftingTableInteraction":6,"stat.pickup.minecraft.rotten_flesh":8,"stat.entityKilledBy.Spider":1,"stat.craftItem.minecraft.planks":36,"stat.pickup.minecraft.anvil":1,"stat.damageTaken":1370,"stat.mineBlock.minecraft.crafting_table":2,"stat.killEntity.Spider":1,"stat.mineBlock.minecraft.furnace":2,"stat.useItem.minecraft.wooden_pickaxe":29,"stat.mobKills":10,"stat.pickup.minecraft.cobblestone":9,"stat.pickup.dynamictrees.oakseed":2,"stat.craftItem.minecraft.wooden_sword":1,"stat.mineBlock.minecraft.log":1,"stat.flyOneCm":24929,"stat.deaths":6,"tombstone:undead_killed":10,"stat.drop":2,"stat.mineBlock.minecraft.leaves":4,"stat.playOneMinute":18323,"stat.useItem.minecraft.wooden_sword":55,"stat.entityKilledBy.Zombie":3,"stat.sneakTime":139,"stat.damageDealt":2110,"stat.killEntity.Zombie":10,"stat.timeSinceDeath":4029,"stat.useItem.minecraft.wooden_axe":5,"stat.mineBlock.minecraft.dirt":16,"stat.craftItem.minecraft.wooden_pickaxe":1,"stat.mineBlock.minecraft.stone":9,"stat.mineBlock.minecraft.tallgrass":3,"stat.craftItem.minecraft.iron_sword":1,"stat.diveOneCm":14}