{"stat.drop.minecraft.stone_pickaxe":1,"stat.walkOneCm":17890,"stat.useItem.minecraft.torch":1,"stat.pickup.minecraft.stick":23,"stat.pickup.minecraft.crafting_table":1,"stat.damageTaken":110,"stat.mineBlock.minecraft.crafting_table":1,"stat.craftItem.minecraft.crafting_table":1,"stat.craftItem.minecraft.stone_pickaxe":2,"stat.useItem.minecraft.wooden_pickaxe":4,"stat.pickup.minecraft.cobblestone":26,"stat.mineBlock.minecraft.coal_ore":1,"stat.pickup.dynamictrees.oakseed":6,"stat.pickup.minecraft.planks":11,"stat.pickup.minecraft.log":20,"stat.flyOneCm":1765,"stat.drop":1,"stat.jump":54,"stat.swimOneCm":201,"stat.playOneMinute":11632,"stat.pickup.minecraft.coal":4,"stat.fallOneCm":1142,"stat.useItem.minecraft.stone_pickaxe":22,"stat.sneakTime":61,"stat.damageDealt":43,"stat.timeSinceDeath":11632,"stat.craftItem.minecraft.torch":4,"stat.useItem.minecraft.wooden_axe":3,"stat.sprintOneCm":5096,"stat.useItem.minecraft.stone_slab2":1,"stat.craftItem.minecraft.wooden_pickaxe":1,"stat.mineBlock.minecraft.stone":24,"stat.mineBlock.minecraft.tallgrass":1,"stat.craftItem.minecraft.wooden_axe":1,"stat.craftingTableInteraction":6}