{"stat.pickup.minecraft.rotten_flesh":2,"stat.walkOneCm":33795,"stat.entityKilledBy.Spider":1,"stat.craftItem.minecraft.planks":36,"stat.drop.minecraft.rotten_flesh":2,"stat.damageTaken":580,"stat.craftItem.minecraft.crafting_table":1,"stat.pickup.dynamictrees.oakseed":2,"stat.mineBlock.minecraft.log":1,"stat.pickup.minecraft.log":9,"stat.flyOneCm":11535,"stat.deaths":2,"tombstone:undead_killed":1,"stat.drop":2,"stat.jump":66,"stat.playOneMinute":6623,"stat.entityKilledBy.Zombie":1,"stat.fallOneCm":569,"stat.sneakTime":96,"stat.damageDealt":396,"stat.crouchOneCm":350,"stat.killEntity.Zombie":1,"stat.timeSinceDeath":1893,"stat.sprintOneCm":13626,"stat.mineBlock.minecraft.tallgrass":3,"stat.craftItem.minecraft.stick":4}