{"stat.drop.minecraft.stone_pickaxe":1,"stat.walkOneCm":56330,"stat.useItem.minecraft.torch":2,"stat.pickup.minecraft.bone":2,"stat.playerKills":3,"stat.pickup.minecraft.stick":23,"stat.leaveGame":1,"stat.pickup.minecraft.arrow":5,"stat.pickup.minecraft.crafting_table":3,"stat.craftItem.minecraft.crafting_table":1,"stat.mineBlock.minecraft.coal_ore":1,"stat.pickup.minecraft.log":27,"stat.jump":166,"stat.swimOneCm":5943,"stat.pickup.minecraft.coal":4,"stat.fallOneCm":12047,"stat.pickup.tombstone.crafting_ingredient":2,"stat.entityKilledBy.Skeleton":4,"stat.crouchOneCm":366,"stat.craftItem.minecraft.torch":4,"stat.killEntity.Squid":1,"stat.pickup.minecraft.dirt":4,"stat.sprintOneCm":14021,"stat.useItem.minecraft.stone_slab2":1,"stat.craftItem.minecraft.wooden_axe":1,"stat.craftItem.minecraft.stick":4,"stat.pickup.tombstone.magic_scroll":1,"stat.craftingTableInteraction":12,"stat.pickup.minecraft.rotten_flesh":4,"stat.pickup.minecraft.sand":1,"stat.killEntity.Skeleton":2,"stat.entityKilledBy.Spider":1,"stat.craftItem.minecraft.planks":4,"stat.craftItem.minecraft.stone_axe":1,"stat.pickup.minecraft.wooden_pickaxe":1,"stat.damageTaken":850,"stat.mineBlock.minecraft.crafting_table":2,"stat.pickup.minecraft.stone_sword":1,"stat.craftItem.minecraft.stone_pickaxe":2,"stat.mineBlock.minecraft.torch":1,"stat.useItem.minecraft.wooden_pickaxe":4,"stat.pickup.minecraft.cobblestone":50,"stat.mobKills":3,"stat.pickup.dynamictrees.oakseed":6,"stat.pickup.minecraft.planks":11,"stat.craftItem.minecraft.stone_sword":1,"stat.flyOneCm":9965,"stat.deaths":7,"tombstone:undead_killed":3,"stat.drop":2,"stat.playOneMinute":22537,"stat.pickup.minecraft.torch":1,"stat.useItem.minecraft.stone_pickaxe":49,"stat.sneakTime":133,"stat.useItem.minecraft.stone_sword":29,"stat.damageDealt":973,"stat.drop.minecraft.stone_axe":1,"stat.killEntity.Zombie":1,"stat.timeSinceDeath":1470,"stat.useItem.minecraft.wooden_axe":10,"stat.useItem.minecraft.crafting_table":1,"stat.mineBlock.minecraft.dirt":4,"stat.craftItem.minecraft.wooden_pickaxe":1,"stat.mineBlock.minecraft.stone":51,"stat.mineBlock.minecraft.tallgrass":1,"stat.diveOneCm":1041}