{"stat.pickup.minecraft.rotten_flesh":2,"stat.pickup.minecraft.double_plant":1,"stat.walkOneCm":20425,"stat.entityKilledBy.Spider":1,"stat.pickup.minecraft.stick":2,"stat.leaveGame":1,"stat.pickup.minecraft.gravel":10,"stat.drop.minecraft.double_plant":1,"stat.damageTaken":210,"stat.pickup.minecraft.flint":2,"stat.useItem.minecraft.gravel":4,"stat.mobKills":1,"stat.pickup.dynamictrees.oakseed":2,"stat.flyOneCm":16225,"stat.deaths":1,"tombstone:undead_killed":1,"stat.pickup.minecraft.wheat_seeds":2,"stat.drop":1,"stat.jump":90,"stat.swimOneCm":646,"stat.playOneMinute":6469,"stat.fallOneCm":2021,"stat.pickup.minecraft.iron_ingot":1,"stat.mineBlock.minecraft.gravel":12,"stat.sneakTime":66,"stat.damageDealt":169,"stat.crouchOneCm":216,"stat.killEntity.Zombie":1,"stat.timeSinceDeath":5857,"stat.pickup.minecraft.dirt":25,"stat.pickup.minecraft.yellow_flower":1,"stat.sprintOneCm":22448,"stat.mineBlock.minecraft.dirt":3,"stat.useItem.minecraft.stone_slab2":2,"stat.mineBlock.minecraft.tallgrass":6}