{"stat.pickup.minecraft.double_plant":1,"stat.walkOneCm":43700,"stat.pickup.minecraft.stick":3,"stat.leaveGame":2,"stat.pickup.minecraft.gravel":10,"stat.pickup.minecraft.flint":2,"stat.craftItem.minecraft.crafting_table":1,"stat.useItem.minecraft.gravel":4,"stat.entityKilledBy.Witch":1,"stat.pickup.minecraft.log":10,"stat.pickup.minecraft.string":4,"stat.jump":368,"stat.swimOneCm":1855,"stat.fallOneCm":10168,"stat.pickup.minecraft.iron_ingot":1,"stat.pickup.minecraft.beef":6,"stat.entityKilledBy.Skeleton":1,"stat.crouchOneCm":1061,"stat.pickup.minecraft.spider_eye":1,"stat.pickup.minecraft.dirt":26,"stat.useItem.minecraft.dirt":22,"stat.sprintOneCm":75322,"stat.useItem.minecraft.stone_slab2":3,"stat.craftItem.minecraft.stick":8,"stat.craftItem.minecraft.wooden_axe":1,"stat.craftingTableInteraction":4,"stat.pickup.minecraft.rotten_flesh":2,"stat.entityKilledBy.Spider":1,"stat.craftItem.minecraft.planks":40,"stat.drop.minecraft.double_plant":1,"stat.damageTaken":788,"stat.pickup.minecraft.leather":5,"stat.killEntity.Spider":3,"stat.pickup.minecraft.feather":1,"stat.useItem.minecraft.wooden_pickaxe":3,"stat.mobKills":9,"stat.pickup.minecraft.cobblestone":3,"stat.pickup.dynamictrees.oakseed":5,"stat.craftItem.minecraft.wooden_sword":1,"stat.useItem.minecraft.beef":2,"stat.flyOneCm":82957,"stat.deaths":4,"tombstone:undead_killed":1,"stat.pickup.minecraft.wheat_seeds":2,"stat.drop":1,"stat.pickup.minecraft.egg":2,"stat.playOneMinute":20440,"stat.useItem.minecraft.wooden_sword":18,"stat.mineBlock.minecraft.gravel":12,"stat.killEntity.Sheep":2,"stat.sneakTime":590,"stat.damageDealt":1129,"stat.killEntity.Zombie":1,"stat.timeSinceDeath":600,"stat.useItem.minecraft.wooden_axe":6,"stat.pickup.minecraft.yellow_flower":1,"stat.killEntity.Cow":3,"stat.mineBlock.minecraft.dirt":4,"stat.craftItem.minecraft.wooden_pickaxe":1,"stat.mineBlock.minecraft.stone":3,"stat.mineBlock.minecraft.tallgrass":8,"stat.diveOneCm":1447,"stat.pickup.minecraft.mutton":3}