{"stat.walkOneCm":94998,"stat.pickup.dynamictrees.birchseed":3,"stat.pickup.minecraft.wooden_axe":1,"stat.drop.minecraft.rotten_flesh":4,"stat.leaveGame":2,"stat.craftItem.quark.custom_chest":1,"stat.pickup.minecraft.arrow":1,"stat.pickup.minecraft.crafting_table":1,"stat.mineBlock.minecraft.cobblestone":1,"stat.useItem.minecraft.cobblestone":3,"stat.craftItem.minecraft.crafting_table":1,"stat.killEntity.ZombieVillager":1,"stat.mineBlock.minecraft.coal_ore":24,"stat.pickup.srparasites.lurecomponent1":1,"stat.killEntity.Anthermite":1,"stat.pickup.minecraft.string":2,"stat.pickup.minecraft.log":14,"stat.useItem.minecraft.rotten_flesh":4,"stat.jump":530,"stat.swimOneCm":7772,"stat.pickup.minecraft.coal":21,"stat.fallOneCm":9851,"stat.climbOneCm":72,"stat.useItem.tombstone.gift":1,"stat.entityKilledBy.Skeleton":3,"stat.crouchOneCm":928,"stat.pickup.minecraft.spider_eye":1,"stat.pickup.minecraft.dirt":2,"stat.sprintOneCm":68265,"stat.useItem.minecraft.stone_slab2":4,"stat.craftItem.minecraft.stick":16,"stat.craftItem.minecraft.wooden_axe":1,"stat.craftingTableInteraction":6,"stat.pickup.minecraft.rotten_flesh":9,"stat.drop.dynamictrees.oakseed":2,"stat.craftItem.minecraft.planks":56,"stat.craftItem.minecraft.stone_axe":1,"stat.damageTaken":548,"stat.mineBlock.minecraft.crafting_table":1,"stat.killEntity.Spider":1,"stat.craftItem.minecraft.stone_pickaxe":1,"stat.useItem.minecraft.wooden_pickaxe":12,"stat.pickup.minecraft.cobblestone":79,"stat.mobKills":8,"stat.pickup.dynamictrees.oakseed":4,"stat.craftItem.minecraft.wooden_sword":1,"stat.pickup.minecraft.planks":17,"stat.craftItem.minecraft.stone_sword":1,"stat.flyOneCm":81488,"stat.deaths":3,"tombstone:undead_killed":3,"stat.drop":6,"stat.playOneMinute":38775,"stat.useItem.minecraft.stone_pickaxe":88,"stat.sneakTime":543,"stat.useItem.minecraft.stone_sword":26,"stat.damageDealt":993,"stat.killEntity.Zombie":2,"stat.timeSinceDeath":9198,"stat.useItem.minecraft.wooden_axe":6,"stat.mineBlock.minecraft.dirt":2,"stat.craftItem.minecraft.wooden_pickaxe":1,"stat.mineBlock.minecraft.stone":73,"stat.mineBlock.minecraft.tallgrass":2,"stat.diveOneCm":5808}