{"stat.walkOneCm":13211,"stat.craftItem.minecraft.planks":48,"stat.leaveGame":1,"stat.pickup.minecraft.crafting_table":1,"stat.damageTaken":90,"stat.pickup.minecraft.leather":3,"stat.mineBlock.minecraft.crafting_table":1,"stat.craftItem.minecraft.crafting_table":1,"stat.mobKills":6,"stat.craftItem.minecraft.wooden_sword":1,"stat.mineBlock.minecraft.log":12,"stat.pickup.minecraft.log":12,"stat.flyOneCm":22751,"stat.mineBlock.minecraft.stained_glass_pane":1,"stat.deaths":1,"stat.pickup.minecraft.wheat_seeds":1,"stat.jump":138,"stat.mineBlock.minecraft.leaves":131,"stat.useItem.minecraft.sand":2,"stat.swimOneCm":300,"stat.pickup.quark.glass_shards":5,"stat.playOneMinute":12244,"stat.climbOneCm":754,"stat.fallOneCm":2542,"stat.useItem.minecraft.planks":2,"stat.useItem.minecraft.wooden_sword":4,"stat.pickup.minecraft.beef":14,"stat.mineBlock.minecraft.glass":2,"stat.sneakTime":30,"stat.entityKilledBy.Skeleton":1,"stat.damageDealt":609,"stat.crouchOneCm":5,"stat.timeSinceDeath":265,"stat.useItem.minecraft.wooden_axe":15,"stat.killEntity.Cow":6,"stat.sprintOneCm":34157,"stat.useItem.minecraft.stone_slab2":2,"stat.craftItem.minecraft.wooden_pickaxe":1,"stat.mineBlock.minecraft.tallgrass":1,"stat.craftItem.minecraft.stick":8,"stat.craftItem.minecraft.wooden_axe":1,"stat.craftingTableInteraction":3}