{"stat.pickup.minecraft.rotten_flesh":4,"stat.walkOneCm":34744,"stat.drop.dynamictrees.oakseed":2,"stat.pickup.dynamictrees.birchseed":3,"stat.craftItem.minecraft.planks":56,"stat.leaveGame":1,"stat.drop.minecraft.rotten_flesh":4,"stat.craftItem.minecraft.stone_axe":1,"stat.pickup.minecraft.crafting_table":1,"stat.damageTaken":78,"stat.mineBlock.minecraft.crafting_table":1,"stat.craftItem.minecraft.crafting_table":1,"stat.craftItem.minecraft.stone_pickaxe":1,"stat.useItem.minecraft.wooden_pickaxe":12,"stat.mobKills":3,"stat.pickup.minecraft.cobblestone":42,"stat.mineBlock.minecraft.coal_ore":9,"stat.pickup.dynamictrees.oakseed":3,"stat.craftItem.minecraft.wooden_sword":1,"stat.killEntity.Anthermite":1,"stat.pickup.minecraft.log":14,"stat.pickup.minecraft.string":2,"stat.craftItem.minecraft.stone_sword":1,"stat.flyOneCm":40974,"tombstone:undead_killed":1,"stat.drop":6,"stat.jump":270,"stat.swimOneCm":2794,"stat.playOneMinute":21231,"stat.pickup.minecraft.coal":6,"stat.fallOneCm":4643,"stat.climbOneCm":72,"stat.useItem.minecraft.stone_pickaxe":32,"stat.sneakTime":119,"stat.damageDealt":180,"stat.crouchOneCm":124,"stat.killEntity.Zombie":1,"stat.timeSinceDeath":21231,"stat.useItem.minecraft.wooden_axe":6,"stat.sprintOneCm":38256,"stat.useItem.minecraft.stone_slab2":2,"stat.craftItem.minecraft.wooden_pickaxe":1,"stat.mineBlock.minecraft.stone":35,"stat.mineBlock.minecraft.tallgrass":2,"stat.craftItem.minecraft.stick":16,"stat.craftItem.minecraft.wooden_axe":1,"stat.craftingTableInteraction":5}