{"stat.walkOneCm":81611,"stat.pickup.dynamictrees.birchseed":3,"stat.pickup.minecraft.wooden_axe":1,"stat.drop.minecraft.rotten_flesh":4,"stat.leaveGame":1,"stat.pickup.minecraft.arrow":1,"stat.pickup.minecraft.crafting_table":1,"stat.mineBlock.minecraft.cobblestone":1,"stat.useItem.minecraft.cobblestone":3,"stat.craftItem.minecraft.crafting_table":1,"stat.killEntity.ZombieVillager":1,"stat.mineBlock.minecraft.coal_ore":9,"stat.killEntity.Anthermite":1,"stat.pickup.minecraft.string":2,"stat.pickup.minecraft.log":14,"stat.useItem.minecraft.rotten_flesh":2,"stat.jump":370,"stat.swimOneCm":7162,"stat.pickup.minecraft.coal":6,"stat.fallOneCm":6143,"stat.climbOneCm":72,"stat.useItem.tombstone.gift":1,"stat.entityKilledBy.Skeleton":3,"stat.crouchOneCm":169,"stat.pickup.minecraft.spider_eye":1,"stat.pickup.minecraft.dirt":1,"stat.sprintOneCm":49662,"stat.useItem.minecraft.stone_slab2":3,"stat.craftItem.minecraft.stick":16,"stat.craftItem.minecraft.wooden_axe":1,"stat.craftingTableInteraction":5,"stat.pickup.minecraft.rotten_flesh":9,"stat.drop.dynamictrees.oakseed":2,"stat.craftItem.minecraft.planks":56,"stat.craftItem.minecraft.stone_axe":1,"stat.damageTaken":538,"stat.mineBlock.minecraft.crafting_table":1,"stat.killEntity.Spider":1,"stat.craftItem.minecraft.stone_pickaxe":1,"stat.useItem.minecraft.wooden_pickaxe":12,"stat.pickup.minecraft.cobblestone":76,"stat.mobKills":7,"stat.pickup.dynamictrees.oakseed":4,"stat.craftItem.minecraft.wooden_sword":1,"stat.craftItem.minecraft.stone_sword":1,"stat.flyOneCm":52198,"stat.deaths":3,"tombstone:undead_killed":3,"stat.drop":6,"stat.playOneMinute":32931,"stat.useItem.minecraft.stone_pickaxe":69,"stat.sneakTime":160,"stat.useItem.minecraft.stone_sword":23,"stat.damageDealt":893,"stat.killEntity.Zombie":2,"stat.timeSinceDeath":3354,"stat.useItem.minecraft.wooden_axe":6,"stat.mineBlock.minecraft.dirt":1,"stat.craftItem.minecraft.wooden_pickaxe":1,"stat.mineBlock.minecraft.stone":70,"stat.mineBlock.minecraft.tallgrass":2,"stat.diveOneCm":4553}