{"stat.chestOpened":1,"stat.walkOneCm":78793,"stat.leaveGame":1,"stat.pickup.minecraft.arrow":1,"stat.pickup.minecraft.crafting_table":2,"stat.craftItem.minecraft.crafting_table":1,"stat.furnaceInteraction":6,"stat.useItem.minecraft.apple":1,"stat.pickup.tombstone.familiar_stone":2,"stat.mineBlock.minecraft.coal_ore":24,"stat.pickup.minecraft.log":12,"stat.pickup.minecraft.string":1,"stat.mineBlock.minecraft.stained_glass_pane":2,"stat.mineBlock.minecraft.stained_glass":1,"stat.jump":476,"stat.useItem.minecraft.sand":7,"stat.swimOneCm":703,"stat.pickup.quark.glass_shards":14,"stat.pickup.minecraft.coal":47,"stat.useItem.minecraft.planks":28,"stat.fallOneCm":8922,"stat.climbOneCm":2997,"stat.pickup.minecraft.beef":29,"stat.pickup.minecraft.furnace":2,"stat.useItem.tombstone.gift":1,"stat.pickup.tombstone.crafting_ingredient":2,"stat.entityKilledBy.Skeleton":2,"stat.craftItem.minecraft.stone_slab2":0,"stat.useItem.minecraft.stone_axe":3,"stat.crouchOneCm":3084,"stat.sprintOneCm":110817,"stat.useItem.minecraft.stone_slab2":5,"stat.craftItem.minecraft.stick":12,"stat.craftItem.minecraft.wooden_axe":1,"stat.pickup.tombstone.magic_scroll":1,"stat.craftingTableInteraction":8,"stat.pickup.minecraft.rotten_flesh":9,"stat.useItem.minecraft.glass":1,"stat.killEntity.Skeleton":1,"stat.craftItem.minecraft.planks":48,"stat.craftItem.minecraft.stone_axe":1,"stat.mineBlock.minecraft.glass_pane":2,"stat.damageTaken":340,"stat.pickup.minecraft.leather":4,"stat.mineBlock.minecraft.crafting_table":2,"stat.killEntity.Spider":1,"stat.mineBlock.minecraft.furnace":2,"stat.craftItem.minecraft.stone_pickaxe":1,"stat.useItem.minecraft.wooden_pickaxe":9,"stat.craftItem.minecraft.cooked_beef":5,"stat.drop.minecraft.filled_map":1,"stat.mobKills":16,"stat.pickup.minecraft.cobblestone":8,"stat.craftItem.minecraft.wooden_sword":1,"stat.mineBlock.minecraft.log":12,"stat.useItem.spartanweaponry.halberd_iron":28,"stat.useItem.minecraft.golden_apple":2,"stat.flyOneCm":106975,"stat.deaths":2,"tombstone:undead_killed":6,"stat.pickup.minecraft.wheat_seeds":1,"stat.drop":2,"stat.mineBlock.minecraft.leaves":132,"stat.playOneMinute":36544,"stat.useItem.minecraft.wooden_sword":4,"stat.useItem.minecraft.stone_pickaxe":25,"stat.useItem.minecraft.cooked_beef":1,"stat.mineBlock.minecraft.glass":4,"stat.sneakTime":1333,"stat.damageDealt":2053,"stat.craftItem.minecraft.glass":2,"stat.killEntity.Zombie":5,"stat.timeSinceDeath":3491,"stat.useItem.minecraft.wooden_axe":15,"stat.killEntity.Cow":8,"stat.craftItem.minecraft.wooden_pickaxe":1,"stat.mineBlock.minecraft.stone":8,"stat.mineBlock.minecraft.tallgrass":1,"stat.diveOneCm":597,"stat.drop.minecraft.wooden_axe":1}