{"stat.walkOneCm":43117,"stat.leaveGame":1,"stat.pickup.minecraft.arrow":1,"stat.pickup.minecraft.crafting_table":1,"stat.craftItem.minecraft.crafting_table":1,"stat.useItem.minecraft.apple":1,"stat.pickup.tombstone.familiar_stone":1,"stat.pickup.minecraft.log":12,"stat.pickup.minecraft.string":1,"stat.mineBlock.minecraft.stained_glass_pane":2,"stat.jump":299,"stat.useItem.minecraft.sand":5,"stat.swimOneCm":300,"stat.pickup.quark.glass_shards":10,"stat.useItem.minecraft.planks":28,"stat.fallOneCm":6640,"stat.climbOneCm":754,"stat.pickup.minecraft.beef":14,"stat.pickup.tombstone.crafting_ingredient":2,"stat.entityKilledBy.Skeleton":1,"stat.crouchOneCm":2946,"stat.sprintOneCm":47829,"stat.useItem.minecraft.stone_slab2":3,"stat.craftItem.minecraft.stick":8,"stat.craftItem.minecraft.wooden_axe":1,"stat.pickup.tombstone.magic_scroll":1,"stat.craftingTableInteraction":3,"stat.pickup.minecraft.rotten_flesh":5,"stat.useItem.minecraft.glass":1,"stat.killEntity.Skeleton":1,"stat.craftItem.minecraft.planks":48,"stat.damageTaken":140,"stat.pickup.minecraft.leather":3,"stat.mineBlock.minecraft.crafting_table":1,"stat.killEntity.Spider":1,"stat.mobKills":12,"stat.craftItem.minecraft.wooden_sword":1,"stat.mineBlock.minecraft.log":12,"stat.useItem.spartanweaponry.halberd_iron":14,"stat.flyOneCm":65211,"stat.deaths":1,"tombstone:undead_killed":4,"stat.pickup.minecraft.wheat_seeds":1,"stat.mineBlock.minecraft.leaves":131,"stat.playOneMinute":24844,"stat.useItem.minecraft.wooden_sword":4,"stat.mineBlock.minecraft.glass":4,"stat.sneakTime":1253,"stat.damageDealt":1338,"stat.craftItem.minecraft.glass":2,"stat.killEntity.Zombie":3,"stat.timeSinceDeath":12865,"stat.useItem.minecraft.wooden_axe":15,"stat.killEntity.Cow":6,"stat.craftItem.minecraft.wooden_pickaxe":1,"stat.mineBlock.minecraft.tallgrass":1}