{"stat.leaveGame":5,"stat.mineBlock.srparasites.gore":5,"stat.jump":407,"stat.swimOneCm":1177,"stat.fallOneCm":15375,"stat.useItem.minecraft.stone_axe":1,"stat.crouchOneCm":1344,"stat.pickup.minecraft.dirt":44,"stat.useItem.minecraft.dirt":8,"stat.useItem.minecraft.stone_slab2":5,"stat.craftingTableInteraction":2,"stat.pickup.minecraft.rotten_flesh":8,"stat.entityKilledBy.Spider":1,"stat.craftItem.minecraft.stone_axe":1,"stat.damageTaken":1866,"stat.craftItem.minecraft.stone_pickaxe":1,"stat.useItem.minecraft.wooden_pickaxe":25,"stat.pickup.minecraft.cobblestone":25,"stat.craftItem.minecraft.stone_sword":1,"stat.flyOneCm":74471,"tombstone:undead_killed":6,"stat.pickup.minecraft.wheat_seeds":1,"stat.entityKilledBy.Zombie":1,"stat.useItem.minecraft.stone_pickaxe":2,"stat.useItem.minecraft.stone_sword":8,"stat.damageDealt":1451,"stat.timeSinceDeath":674,"stat.mineBlock.minecraft.dirt":29,"stat.craftItem.minecraft.wooden_pickaxe":1,"stat.walkOneCm":55433,"stat.pickup.minecraft.stick":3,"stat.pickup.minecraft.crafting_table":2,"stat.useItem.minecraft.cobblestone":2,"stat.craftItem.minecraft.crafting_table":1,"stat.mineBlock.futuremc.cornflower":1,"stat.pickup.minecraft.log":34,"stat.useItem.tombstone.gift":1,"stat.pickup.tombstone.crafting_ingredient":3,"stat.entityKilledBy.Skeleton":1,"stat.sprintOneCm":42106,"stat.craftItem.minecraft.stick":8,"stat.craftItem.minecraft.planks":72,"stat.mineBlock.minecraft.crafting_table":2,"stat.mobKills":7,"stat.pickup.dynamictrees.oakseed":11,"stat.deaths":10,"stat.playOneMinute":56280,"stat.sneakTime":2908,"stat.killEntity.Zombie":6,"stat.mineBlock.minecraft.stone":25,"stat.mineBlock.minecraft.tallgrass":15,"stat.diveOneCm":5014}