{"stat.leaveGame":8,"stat.pickup.minecraft.stone_axe":1,"stat.mineBlock.srparasites.gore":5,"stat.jump":575,"stat.swimOneCm":1580,"stat.fallOneCm":30015,"stat.climbOneCm":269,"stat.useItem.minecraft.stone_axe":15,"stat.crouchOneCm":2738,"stat.pickup.minecraft.dirt":68,"stat.useItem.minecraft.dirt":23,"stat.useItem.minecraft.stone_slab2":5,"stat.craftingTableInteraction":2,"stat.pickup.minecraft.rotten_flesh":8,"stat.entityKilledBy.Spider":1,"stat.useItem.minecraft.egg":1,"stat.craftItem.minecraft.stone_axe":1,"stat.damageTaken":2872,"stat.craftItem.minecraft.stone_pickaxe":1,"stat.useItem.minecraft.wooden_pickaxe":25,"stat.pickup.minecraft.cobblestone":25,"stat.pickup.srparasites.assimilated_flesh":2,"stat.craftItem.minecraft.stone_sword":1,"stat.flyOneCm":101187,"tombstone:undead_killed":6,"stat.pickup.minecraft.wheat_seeds":1,"stat.entityKilledBy.Zombie":1,"stat.useItem.minecraft.stone_pickaxe":2,"stat.useItem.minecraft.stone_sword":8,"stat.damageDealt":1887,"stat.timeSinceDeath":516,"stat.mineBlock.minecraft.dirt":58,"stat.craftItem.minecraft.wooden_pickaxe":1,"stat.walkOneCm":72743,"stat.pickup.minecraft.stick":3,"stat.pickup.minecraft.crafting_table":2,"stat.useItem.minecraft.cobblestone":2,"stat.craftItem.minecraft.crafting_table":1,"stat.mineBlock.futuremc.cornflower":1,"stat.pickup.srparasites.lurecomponent1":6,"stat.pickup.minecraft.log":34,"stat.useItem.tombstone.gift":1,"stat.pickup.tombstone.crafting_ingredient":3,"stat.entityKilledBy.Skeleton":1,"stat.sprintOneCm":49439,"stat.craftItem.minecraft.stick":8,"stat.craftItem.minecraft.planks":72,"stat.mineBlock.srparasites.infestremain":2,"stat.mineBlock.minecraft.crafting_table":2,"stat.mobKills":15,"stat.pickup.dynamictrees.oakseed":11,"stat.deaths":15,"stat.drop":6,"stat.pickup.minecraft.egg":1,"stat.playOneMinute":70414,"stat.drop.tombstone.grave_key":6,"stat.pickup.tombstone.grave_key":1,"stat.sneakTime":3650,"stat.killEntity.Zombie":6,"stat.mineBlock.minecraft.stone":25,"stat.mineBlock.minecraft.tallgrass":20,"stat.diveOneCm":12079}