{"stat.pickup.minecraft.rotten_flesh":7,"stat.walkOneCm":16233,"stat.leaveGame":3,"stat.damageTaken":345,"stat.mobKills":6,"stat.flyOneCm":7428,"stat.deaths":2,"tombstone:undead_killed":6,"stat.jump":48,"stat.playOneMinute":21845,"stat.fallOneCm":1587,"stat.entityKilledBy.Zombie":1,"stat.useItem.tombstone.gift":1,"stat.pickup.tombstone.crafting_ingredient":3,"stat.sneakTime":2176,"stat.damageDealt":1244,"stat.crouchOneCm":1163,"stat.killEntity.Zombie":6,"stat.timeSinceDeath":2072,"stat.pickup.minecraft.dirt":19,"stat.useItem.minecraft.dirt":5,"stat.mineBlock.minecraft.dirt":20,"stat.sprintOneCm":6134,"stat.useItem.minecraft.stone_slab2":1,"stat.mineBlock.minecraft.tallgrass":3}