{"stat.leaveGame":5,"stat.mineBlock.srparasites.gore":5,"stat.jump":260,"stat.fallOneCm":8059,"stat.useItem.minecraft.stone_axe":1,"stat.crouchOneCm":1192,"stat.pickup.minecraft.dirt":27,"stat.useItem.minecraft.dirt":8,"stat.useItem.minecraft.stone_slab2":5,"stat.craftingTableInteraction":2,"stat.pickup.minecraft.rotten_flesh":7,"stat.entityKilledBy.Spider":1,"stat.craftItem.minecraft.stone_axe":1,"stat.damageTaken":1108,"stat.craftItem.minecraft.stone_pickaxe":1,"stat.useItem.minecraft.wooden_pickaxe":25,"stat.pickup.minecraft.cobblestone":25,"stat.craftItem.minecraft.stone_sword":1,"stat.flyOneCm":64924,"tombstone:undead_killed":6,"stat.pickup.minecraft.wheat_seeds":1,"stat.entityKilledBy.Zombie":1,"stat.useItem.minecraft.stone_pickaxe":2,"stat.useItem.minecraft.stone_sword":8,"stat.damageDealt":1426,"stat.timeSinceDeath":14686,"stat.mineBlock.minecraft.dirt":28,"stat.craftItem.minecraft.wooden_pickaxe":1,"stat.walkOneCm":33440,"stat.pickup.minecraft.stick":1,"stat.pickup.minecraft.crafting_table":2,"stat.useItem.minecraft.cobblestone":2,"stat.craftItem.minecraft.crafting_table":1,"stat.mineBlock.futuremc.cornflower":1,"stat.pickup.minecraft.log":18,"stat.useItem.tombstone.gift":1,"stat.pickup.tombstone.crafting_ingredient":3,"stat.sprintOneCm":33473,"stat.craftItem.minecraft.stick":8,"stat.craftItem.minecraft.planks":72,"stat.mineBlock.minecraft.crafting_table":2,"stat.mobKills":7,"stat.pickup.dynamictrees.oakseed":5,"stat.deaths":5,"stat.playOneMinute":44580,"stat.sneakTime":2316,"stat.killEntity.Zombie":6,"stat.mineBlock.minecraft.stone":25,"stat.mineBlock.minecraft.tallgrass":15}