{"stat.pickup.minecraft.rotten_flesh":3,"stat.craftItem.minecraft.furnace":1,"stat.walkOneCm":37020,"stat.pickup.dynamictrees.birchseed":4,"stat.pickup.minecraft.stick":2,"stat.craftItem.minecraft.planks":16,"stat.drop.minecraft.wooden_pickaxe":1,"stat.leaveGame":1,"stat.pickup.minecraft.wooden_pickaxe":1,"stat.damageTaken":455,"stat.drop.spartanweaponry.greatsword_stone":1,"stat.furnaceInteraction":1,"stat.craftItem.minecraft.stone_pickaxe":1,"stat.useItem.minecraft.wooden_pickaxe":17,"stat.pickup.spartanweaponry.greatsword_stone":1,"stat.mobKills":2,"stat.pickup.minecraft.cobblestone":27,"stat.craftItem.minecraft.wooden_sword":1,"stat.pickup.minecraft.wooden_sword":2,"stat.pickup.minecraft.log":4,"stat.flyOneCm":7156,"stat.deaths":1,"tombstone:undead_killed":2,"stat.drop":4,"stat.jump":113,"stat.swimOneCm":1614,"stat.playOneMinute":21654,"stat.fallOneCm":3120,"stat.entityKilledBy.Zombie":1,"stat.climbOneCm":36,"stat.useItem.minecraft.wooden_sword":8,"stat.useItem.minecraft.planks":4,"stat.useItem.tombstone.gift":1,"stat.useItem.minecraft.stone_pickaxe":10,"stat.sneakTime":266,"stat.damageDealt":290,"stat.drop.minecraft.wooden_sword":2,"stat.crouchOneCm":294,"stat.killEntity.Zombie":2,"stat.timeSinceDeath":19455,"stat.sprintOneCm":6762,"stat.useItem.minecraft.stone_slab2":1,"stat.craftItem.minecraft.wooden_pickaxe":1,"stat.mineBlock.minecraft.stone":27,"stat.diveOneCm":1238,"stat.craftItem.minecraft.stick":8,"stat.craftingTableInteraction":4}