{"stat.pickup.minecraft.rotten_flesh":3,"stat.walkOneCm":17795,"stat.pickup.dynamictrees.birchseed":4,"stat.pickup.minecraft.stick":2,"stat.craftItem.minecraft.planks":16,"stat.leaveGame":1,"stat.damageTaken":285,"stat.drop.spartanweaponry.greatsword_stone":1,"stat.pickup.spartanweaponry.greatsword_stone":1,"stat.mobKills":2,"stat.craftItem.minecraft.wooden_sword":1,"stat.pickup.minecraft.wooden_sword":1,"stat.pickup.minecraft.log":4,"stat.flyOneCm":6960,"stat.deaths":1,"tombstone:undead_killed":2,"stat.drop":2,"stat.jump":99,"stat.swimOneCm":695,"stat.playOneMinute":9054,"stat.fallOneCm":3120,"stat.entityKilledBy.Zombie":1,"stat.climbOneCm":36,"stat.useItem.minecraft.wooden_sword":8,"stat.useItem.tombstone.gift":1,"stat.sneakTime":189,"stat.damageDealt":290,"stat.drop.minecraft.wooden_sword":1,"stat.crouchOneCm":208,"stat.killEntity.Zombie":2,"stat.timeSinceDeath":6855,"stat.sprintOneCm":5471,"stat.craftItem.minecraft.wooden_pickaxe":1,"stat.diveOneCm":984,"stat.craftItem.minecraft.stick":8,"stat.craftingTableInteraction":2}