{"stat.chestOpened":1,"stat.walkOneCm":146000,"stat.useItem.minecraft.torch":13,"stat.useItem.minecraft.chest":1,"stat.pickup.dynamictrees.birchseed":5,"stat.pickup.minecraft.stick":27,"stat.useItem.minecraft.stone":15,"stat.drop.minecraft.wooden_pickaxe":1,"stat.leaveGame":1,"stat.mineBlock.minecraft.cobblestone":15,"stat.useItem.minecraft.log":1,"stat.pickup.minecraft.clay_ball":6,"stat.useItem.minecraft.cobblestone":32,"stat.drop.spartanweaponry.greatsword_stone":1,"stat.furnaceInteraction":32,"stat.craftItem.minecraft.crafting_table":1,"stat.mineBlock.minecraft.yellow_flower":1,"stat.mineBlock.minecraft.coal_ore":42,"stat.pickup.minecraft.wooden_sword":2,"stat.craftItem.minecraft.coal":17,"stat.pickup.minecraft.log":41,"stat.pickup.minecraft.string":2,"stat.jump":515,"stat.swimOneCm":5778,"stat.pickup.minecraft.coal":42,"stat.climbOneCm":36,"stat.fallOneCm":6866,"stat.useItem.minecraft.planks":13,"stat.useItem.tombstone.gift":1,"stat.pickup.minecraft.furnace":1,"stat.useItem.minecraft.stone_axe":16,"stat.craftItem.minecraft.stone_slab2":0,"stat.drop.minecraft.wooden_sword":2,"stat.crouchOneCm":579,"stat.pickup.minecraft.spider_eye":1,"stat.craftItem.minecraft.torch":44,"stat.craftItem.minecraft.chest":2,"stat.craftItem.minecraft.iron_ingot":10,"stat.pickup.minecraft.dirt":2,"stat.useItem.minecraft.dirt":1,"stat.sprintOneCm":34853,"stat.useItem.minecraft.stone_slab2":15,"stat.pickup.futuremc.stripped_oak_log":1,"stat.craftItem.minecraft.stick":28,"stat.craftingTableInteraction":28,"stat.pickup.minecraft.iron_ore":23,"stat.pickup.minecraft.rotten_flesh":6,"stat.pickup.minecraft.sand":4,"stat.craftItem.minecraft.furnace":2,"stat.craftItem.minecraft.planks":62,"stat.craftItem.minecraft.stone":57,"stat.craftItem.minecraft.stone_axe":3,"stat.pickup.minecraft.wooden_pickaxe":1,"stat.damageTaken":725,"stat.killEntity.Spider":1,"stat.craftItem.minecraft.stone_pickaxe":14,"stat.mineBlock.minecraft.torch":1,"stat.mineBlock.minecraft.furnace":1,"stat.useItem.minecraft.wooden_pickaxe":17,"stat.pickup.spartanweaponry.greatsword_stone":1,"stat.mobKills":3,"stat.pickup.minecraft.cobblestone":505,"stat.craftItem.minecraft.wooden_sword":1,"stat.pickup.dynamictrees.oakseed":21,"stat.useItem.minecraft.stonebrick":4,"stat.pickup.minecraft.planks":6,"stat.craftItem.minecraft.stone_sword":2,"stat.flyOneCm":41459,"stat.deaths":2,"stat.mineBlock.minecraft.planks":7,"tombstone:undead_killed":2,"stat.drop":4,"stat.mineBlock.minecraft.sand":4,"stat.playOneMinute":71154,"stat.useItem.minecraft.wooden_sword":8,"stat.entityKilledBy.Zombie":1,"stat.pickup.minecraft.torch":3,"stat.useItem.minecraft.stone_pickaxe":542,"stat.sneakTime":825,"stat.useItem.minecraft.stone_sword":8,"stat.mineBlock.futuremc.stripped_oak_log":1,"stat.damageDealt":594,"stat.mineBlock.minecraft.iron_ore":23,"stat.killEntity.Zombie":2,"stat.timeSinceDeath":48359,"stat.pickup.minecraft.yellow_flower":1,"stat.mineBlock.minecraft.dirt":2,"stat.craftItem.minecraft.wooden_pickaxe":1,"stat.mineBlock.minecraft.stone":481,"stat.craftItem.futuremc.stonecutter":1,"stat.diveOneCm":2715}