{"stat.walkOneCm":96493,"stat.pickup.dynamictrees.birchseed":5,"stat.pickup.minecraft.stick":27,"stat.useItem.minecraft.stone":15,"stat.drop.minecraft.wooden_pickaxe":1,"stat.leaveGame":1,"stat.mineBlock.minecraft.cobblestone":9,"stat.useItem.minecraft.log":1,"stat.drop.spartanweaponry.greatsword_stone":1,"stat.furnaceInteraction":20,"stat.mineBlock.minecraft.yellow_flower":1,"stat.pickup.minecraft.wooden_sword":2,"stat.pickup.minecraft.log":41,"stat.pickup.minecraft.string":2,"stat.jump":325,"stat.swimOneCm":4144,"stat.climbOneCm":36,"stat.fallOneCm":6125,"stat.useItem.minecraft.planks":13,"stat.useItem.tombstone.gift":1,"stat.useItem.minecraft.stone_axe":15,"stat.drop.minecraft.wooden_sword":2,"stat.crouchOneCm":535,"stat.pickup.minecraft.spider_eye":1,"stat.pickup.minecraft.dirt":2,"stat.useItem.minecraft.dirt":1,"stat.sprintOneCm":25965,"stat.useItem.minecraft.stone_slab2":4,"stat.pickup.futuremc.stripped_oak_log":1,"stat.craftItem.minecraft.stick":20,"stat.craftingTableInteraction":17,"stat.pickup.minecraft.rotten_flesh":6,"stat.pickup.minecraft.sand":4,"stat.craftItem.minecraft.furnace":1,"stat.craftItem.minecraft.planks":38,"stat.craftItem.minecraft.stone":25,"stat.craftItem.minecraft.stone_axe":3,"stat.pickup.minecraft.wooden_pickaxe":1,"stat.damageTaken":635,"stat.killEntity.Spider":1,"stat.craftItem.minecraft.stone_pickaxe":5,"stat.useItem.minecraft.wooden_pickaxe":17,"stat.pickup.spartanweaponry.greatsword_stone":1,"stat.mobKills":3,"stat.pickup.minecraft.cobblestone":245,"stat.craftItem.minecraft.wooden_sword":1,"stat.pickup.dynamictrees.oakseed":21,"stat.pickup.minecraft.planks":6,"stat.craftItem.minecraft.stone_sword":2,"stat.flyOneCm":32271,"stat.deaths":2,"stat.mineBlock.minecraft.planks":6,"tombstone:undead_killed":2,"stat.drop":4,"stat.mineBlock.minecraft.sand":4,"stat.playOneMinute":45954,"stat.useItem.minecraft.wooden_sword":8,"stat.entityKilledBy.Zombie":1,"stat.useItem.minecraft.stone_pickaxe":219,"stat.sneakTime":688,"stat.useItem.minecraft.stone_sword":4,"stat.mineBlock.futuremc.stripped_oak_log":1,"stat.damageDealt":400,"stat.killEntity.Zombie":2,"stat.timeSinceDeath":23159,"stat.pickup.minecraft.yellow_flower":1,"stat.mineBlock.minecraft.dirt":2,"stat.craftItem.minecraft.wooden_pickaxe":1,"stat.mineBlock.minecraft.stone":228,"stat.diveOneCm":2007}