{"stat.walkOneCm":121864,"stat.useItem.minecraft.torch":8,"stat.pickup.dynamictrees.birchseed":5,"stat.pickup.minecraft.stick":27,"stat.useItem.minecraft.stone":15,"stat.drop.minecraft.wooden_pickaxe":1,"stat.leaveGame":1,"stat.mineBlock.minecraft.cobblestone":9,"stat.useItem.minecraft.log":1,"stat.useItem.minecraft.cobblestone":12,"stat.drop.spartanweaponry.greatsword_stone":1,"stat.furnaceInteraction":25,"stat.mineBlock.minecraft.yellow_flower":1,"stat.pickup.minecraft.wooden_sword":2,"stat.craftItem.minecraft.coal":6,"stat.pickup.minecraft.log":41,"stat.pickup.minecraft.string":2,"stat.jump":413,"stat.swimOneCm":4279,"stat.climbOneCm":36,"stat.fallOneCm":6866,"stat.useItem.minecraft.planks":13,"stat.useItem.tombstone.gift":1,"stat.useItem.minecraft.stone_axe":15,"stat.drop.minecraft.wooden_sword":2,"stat.crouchOneCm":535,"stat.pickup.minecraft.spider_eye":1,"stat.craftItem.minecraft.torch":8,"stat.pickup.minecraft.dirt":2,"stat.useItem.minecraft.dirt":1,"stat.sprintOneCm":33871,"stat.useItem.minecraft.stone_slab2":9,"stat.pickup.futuremc.stripped_oak_log":1,"stat.craftItem.minecraft.stick":20,"stat.craftingTableInteraction":23,"stat.pickup.minecraft.iron_ore":2,"stat.pickup.minecraft.rotten_flesh":6,"stat.pickup.minecraft.sand":4,"stat.craftItem.minecraft.furnace":1,"stat.craftItem.minecraft.planks":38,"stat.craftItem.minecraft.stone":33,"stat.craftItem.minecraft.stone_axe":3,"stat.pickup.minecraft.wooden_pickaxe":1,"stat.damageTaken":665,"stat.killEntity.Spider":1,"stat.craftItem.minecraft.stone_pickaxe":14,"stat.mineBlock.minecraft.torch":1,"stat.useItem.minecraft.wooden_pickaxe":17,"stat.pickup.spartanweaponry.greatsword_stone":1,"stat.mobKills":3,"stat.pickup.minecraft.cobblestone":479,"stat.craftItem.minecraft.wooden_sword":1,"stat.pickup.dynamictrees.oakseed":21,"stat.pickup.minecraft.planks":6,"stat.craftItem.minecraft.stone_sword":2,"stat.flyOneCm":40898,"stat.deaths":2,"stat.mineBlock.minecraft.planks":6,"tombstone:undead_killed":2,"stat.drop":4,"stat.mineBlock.minecraft.sand":4,"stat.playOneMinute":58554,"stat.useItem.minecraft.wooden_sword":8,"stat.entityKilledBy.Zombie":1,"stat.pickup.minecraft.torch":1,"stat.useItem.minecraft.stone_pickaxe":456,"stat.sneakTime":688,"stat.useItem.minecraft.stone_sword":4,"stat.mineBlock.futuremc.stripped_oak_log":1,"stat.damageDealt":400,"stat.mineBlock.minecraft.iron_ore":2,"stat.killEntity.Zombie":2,"stat.timeSinceDeath":35759,"stat.pickup.minecraft.yellow_flower":1,"stat.mineBlock.minecraft.dirt":2,"stat.craftItem.minecraft.wooden_pickaxe":1,"stat.mineBlock.minecraft.stone":464,"stat.diveOneCm":2007}