{"stat.walkOneCm":60954,"stat.pickup.dynamictrees.birchseed":5,"stat.pickup.minecraft.stick":12,"stat.useItem.minecraft.stone":5,"stat.drop.minecraft.wooden_pickaxe":1,"stat.leaveGame":1,"stat.mineBlock.minecraft.cobblestone":3,"stat.drop.spartanweaponry.greatsword_stone":1,"stat.furnaceInteraction":14,"stat.pickup.minecraft.wooden_sword":2,"stat.pickup.minecraft.log":9,"stat.jump":219,"stat.swimOneCm":2729,"stat.climbOneCm":36,"stat.fallOneCm":5707,"stat.useItem.minecraft.planks":13,"stat.useItem.tombstone.gift":1,"stat.useItem.minecraft.stone_axe":3,"stat.drop.minecraft.wooden_sword":2,"stat.crouchOneCm":294,"stat.sprintOneCm":20865,"stat.useItem.minecraft.stone_slab2":3,"stat.craftItem.minecraft.stick":12,"stat.craftingTableInteraction":13,"stat.pickup.minecraft.rotten_flesh":3,"stat.pickup.minecraft.sand":4,"stat.craftItem.minecraft.furnace":1,"stat.craftItem.minecraft.planks":36,"stat.craftItem.minecraft.stone":11,"stat.craftItem.minecraft.stone_axe":1,"stat.pickup.minecraft.wooden_pickaxe":1,"stat.damageTaken":575,"stat.craftItem.minecraft.stone_pickaxe":1,"stat.useItem.minecraft.wooden_pickaxe":17,"stat.pickup.spartanweaponry.greatsword_stone":1,"stat.mobKills":2,"stat.pickup.minecraft.cobblestone":156,"stat.craftItem.minecraft.wooden_sword":1,"stat.pickup.minecraft.planks":1,"stat.flyOneCm":22785,"stat.deaths":2,"stat.mineBlock.minecraft.planks":1,"tombstone:undead_killed":2,"stat.drop":4,"stat.mineBlock.minecraft.sand":4,"stat.playOneMinute":34254,"stat.useItem.minecraft.wooden_sword":8,"stat.entityKilledBy.Zombie":1,"stat.useItem.minecraft.stone_pickaxe":131,"stat.sneakTime":295,"stat.damageDealt":290,"stat.killEntity.Zombie":2,"stat.timeSinceDeath":11459,"stat.craftItem.minecraft.wooden_pickaxe":1,"stat.mineBlock.minecraft.stone":146,"stat.diveOneCm":1865}