{"stat.leaveGame":4,"stat.mineBlock.minecraft.cobblestone":23,"stat.mineBlock.minecraft.yellow_flower":1,"stat.mineBlock.srparasites.gore":3,"stat.swimOneCm":24360,"stat.climbOneCm":394,"stat.useItem.minecraft.planks":13,"stat.useItem.minecraft.dirt":1,"stat.useItem.minecraft.stone_slab2":22,"stat.useItem.minecraft.water_bucket":3,"stat.pickup.minecraft.rotten_flesh":6,"stat.pickup.minecraft.sand":8,"stat.craftItem.minecraft.furnace":7,"stat.craftItem.minecraft.stone_axe":3,"stat.craftItem.futuremc.smooth_stone":15,"stat.craftItem.minecraft.stone_pickaxe":14,"stat.pickup.spartanweaponry.greatsword_stone":1,"stat.pickup.minecraft.cobblestone":544,"stat.craftItem.minecraft.stone_sword":2,"stat.flyOneCm":282978,"stat.mineBlock.minecraft.sand":8,"stat.pickup.minecraft.fish":1,"stat.mineBlock.futuremc.stripped_oak_log":1,"stat.mineBlock.minecraft.iron_ore":23,"stat.timeSinceDeath":0,"stat.craftItem.minecraft.wooden_pickaxe":1,"stat.pickup.minecraft.stonebrick":3,"stat.drop.spartanweaponry.greatsword_stone":1,"stat.furnaceInteraction":40,"stat.mineBlock.minecraft.coal_ore":42,"stat.pickup.minecraft.wooden_sword":2,"stat.pickup.minecraft.string":2,"stat.pickup.minecraft.furnace":1,"stat.useItem.minecraft.milk_bucket":1,"stat.entityKilledBy.Skeleton":1,"stat.craftItem.minecraft.stone_slab2":0,"stat.sprintOneCm":175445,"stat.pickup.futuremc.stripped_oak_log":1,"stat.craftItem.minecraft.stick":28,"stat.craftItem.minecraft.stone":73,"stat.pickup.dynamictrees.oakseed":27,"stat.deaths":27,"stat.mineBlock.minecraft.planks":11,"stat.craftItem.futuremc.blast_furnace":2,"stat.drop":8,"stat.playOneMinute":140684,"stat.useItem.minecraft.wooden_sword":8,"stat.drop.tombstone.grave_key":2,"stat.pickup.tombstone.grave_key":3,"stat.killEntity.Zombie":2,"stat.mineBlock.minecraft.tallgrass":14,"stat.diveOneCm":21744,"stat.chestOpened":1,"stat.craftItem.futuremc.smoker":2,"stat.useItem.minecraft.stone":22,"stat.drop.minecraft.wooden_pickaxe":1,"stat.craftItem.minecraft.coal":17,"stat.jump":1802,"stat.useItem.minecraft.sand":1,"stat.pickup.minecraft.coal":42,"stat.fallOneCm":99219,"stat.useItem.minecraft.stone_axe":22,"stat.drop.minecraft.wooden_sword":2,"stat.crouchOneCm":1024,"stat.pickup.minecraft.spider_eye":1,"stat.craftItem.minecraft.torch":44,"stat.craftItem.minecraft.chest":2,"stat.craftItem.minecraft.iron_ingot":23,"stat.pickup.minecraft.dirt":24,"stat.craftingTableInteraction":38,"stat.pickup.minecraft.iron_ore":23,"stat.drop.minecraft.milk_bucket":1,"stat.pickup.minecraft.milk_bucket":1,"stat.pickup.minecraft.wooden_pickaxe":1,"stat.damageTaken":4856,"stat.mineBlock.minecraft.torch":5,"stat.mineBlock.minecraft.furnace":1,"stat.useItem.minecraft.wooden_pickaxe":17,"stat.useItem.futuremc.smoker":1,"stat.craftItem.minecraft.wooden_sword":1,"stat.pickup.srparasites.assimilated_flesh":5,"stat.pickup.minecraft.planks":10,"tombstone:undead_killed":2,"stat.pickup.minecraft.wheat_seeds":2,"stat.entityKilledBy.Zombie":2,"stat.useItem.minecraft.stone_pickaxe":591,"stat.useItem.minecraft.stone_sword":116,"stat.damageDealt":2110,"stat.mineBlock.minecraft.dirt":22,"stat.craftItem.futuremc.stonecutter":1,"stat.walkOneCm":261666,"stat.useItem.minecraft.torch":16,"stat.useItem.minecraft.chest":1,"stat.pickup.dynamictrees.birchseed":5,"stat.pickup.minecraft.stick":28,"stat.useItem.minecraft.log":1,"stat.pickup.minecraft.clay_ball":6,"stat.useItem.minecraft.cobblestone":66,"stat.craftItem.minecraft.crafting_table":1,"stat.useItem.minecraft.lava_bucket":11,"stat.pickup.minecraft.log":51,"stat.useItem.tombstone.gift":1,"stat.craftItem.minecraft.bucket":2,"stat.mineBlock.minecraft.stonebrick":3,"stat.craftItem.minecraft.planks":62,"stat.killEntity.Spider":1,"stat.mobKills":10,"stat.useItem.minecraft.stonebrick":32,"stat.craftItem.minecraft.shears":1,"stat.pickup.minecraft.torch":39,"stat.sneakTime":1451,"stat.drop.minecraft.stone_axe":1,"stat.pickup.minecraft.yellow_flower":1,"stat.mineBlock.minecraft.stone":512}