{"stat.pickup.minecraft.bone":4,"stat.leaveGame":6,"stat.pickup.minecraft.stone_pickaxe":1,"stat.craftItem.spartanweaponry.greatsword_stone":1,"stat.jump":289,"stat.swimOneCm":9334,"stat.fallOneCm":4918,"stat.climbOneCm":1,"stat.useItem.minecraft.stone_axe":9,"stat.crouchOneCm":119,"stat.pickup.minecraft.dirt":26,"stat.craftItem.nocubessrparmory.twistedpart":2,"stat.useItem.minecraft.stone_slab2":3,"stat.craftingTableInteraction":10,"stat.pickup.minecraft.rotten_flesh":2,"stat.craftItem.minecraft.furnace":1,"stat.entityKilledBy.Spider":1,"stat.craftItem.minecraft.stone_axe":1,"stat.damageTaken":631,"stat.craftItem.minecraft.stone_pickaxe":1,"stat.useItem.minecraft.wooden_pickaxe":23,"stat.pickup.spartanweaponry.greatsword_stone":1,"stat.pickup.minecraft.cobblestone":87,"stat.craftItem.minecraft.wooden_sword":1,"stat.useItem.spartanweaponry.greatsword_stone":22,"stat.pickup.minecraft.dye":4,"stat.craftItem.minecraft.stone_sword":1,"stat.flyOneCm":24517,"tombstone:undead_killed":7,"stat.useItem.minecraft.stone_pickaxe":64,"stat.damageDealt":1646,"stat.timeSinceDeath":18837,"stat.mineBlock.minecraft.dirt":26,"stat.craftItem.minecraft.wooden_pickaxe":1,"stat.walkOneCm":105998,"stat.pickup.dynamictrees.birchseed":6,"stat.pickup.minecraft.stick":7,"stat.craftItem.minecraft.crafting_table":1,"stat.craftItem.spartanweaponry.material":1,"tombstone:tomb_raiding":1,"stat.pickup.srparasites.lurecomponent1":2,"stat.useItem.dynamictrees.oakseed":2,"stat.pickup.minecraft.log":32,"stat.pickup.minecraft.string":2,"stat.pickup.tombstone.crafting_ingredient":1,"stat.entityKilledBy.Skeleton":3,"stat.killEntity.Squid":2,"stat.sprintOneCm":38146,"stat.craftItem.minecraft.stick":8,"stat.craftItem.minecraft.wooden_axe":1,"stat.killEntity.Skeleton":1,"stat.craftItem.minecraft.planks":60,"stat.killEntity.Spider":1,"stat.mobKills":17,"stat.pickup.dynamictrees.oakseed":14,"stat.deaths":4,"stat.playOneMinute":41196,"stat.useItem.minecraft.wooden_sword":7,"stat.sneakTime":253,"stat.killEntity.Zombie":6,"stat.useItem.minecraft.wooden_axe":10,"stat.mineBlock.minecraft.stone":87,"stat.mineBlock.minecraft.tallgrass":1,"stat.diveOneCm":6061}