{"stat.pickup.minecraft.rotten_flesh":2,"stat.craftItem.minecraft.furnace":1,"stat.walkOneCm":36108,"stat.pickup.dynamictrees.birchseed":5,"stat.craftItem.minecraft.planks":60,"stat.pickup.minecraft.stick":3,"stat.leaveGame":2,"stat.craftItem.minecraft.stone_axe":1,"stat.damageTaken":320,"stat.pickup.minecraft.stone_pickaxe":1,"stat.craftItem.minecraft.crafting_table":1,"stat.craftItem.minecraft.stone_pickaxe":1,"stat.useItem.minecraft.wooden_pickaxe":23,"stat.mobKills":3,"stat.pickup.minecraft.cobblestone":46,"stat.pickup.dynamictrees.oakseed":4,"stat.craftItem.minecraft.wooden_sword":1,"stat.pickup.srparasites.lurecomponent1":2,"stat.useItem.dynamictrees.oakseed":1,"stat.pickup.minecraft.log":13,"stat.craftItem.minecraft.stone_sword":1,"stat.flyOneCm":2731,"stat.deaths":1,"tombstone:undead_killed":1,"stat.jump":124,"stat.swimOneCm":371,"stat.playOneMinute":14511,"stat.fallOneCm":2727,"stat.useItem.minecraft.wooden_sword":7,"stat.useItem.minecraft.stone_pickaxe":32,"stat.entityKilledBy.Skeleton":1,"stat.sneakTime":197,"stat.damageDealt":400,"stat.crouchOneCm":5,"stat.killEntity.Zombie":1,"stat.timeSinceDeath":10615,"stat.useItem.minecraft.wooden_axe":10,"stat.pickup.minecraft.dirt":26,"stat.mineBlock.minecraft.dirt":26,"stat.sprintOneCm":4176,"stat.useItem.minecraft.stone_slab2":3,"stat.craftItem.minecraft.wooden_pickaxe":1,"stat.mineBlock.minecraft.stone":55,"stat.craftItem.minecraft.stick":8,"stat.craftItem.minecraft.wooden_axe":1,"stat.craftingTableInteraction":5}