{"stat.pickup.minecraft.bone":4,"stat.leaveGame":3,"stat.pickup.minecraft.stone_pickaxe":1,"stat.craftItem.spartanweaponry.greatsword_stone":1,"stat.jump":183,"stat.swimOneCm":7260,"stat.fallOneCm":3747,"stat.climbOneCm":1,"stat.useItem.minecraft.stone_axe":8,"stat.crouchOneCm":8,"stat.pickup.minecraft.dirt":26,"stat.useItem.minecraft.stone_slab2":3,"stat.craftingTableInteraction":9,"stat.pickup.minecraft.rotten_flesh":2,"stat.craftItem.minecraft.furnace":1,"stat.entityKilledBy.Spider":1,"stat.craftItem.minecraft.stone_axe":1,"stat.damageTaken":585,"stat.craftItem.minecraft.stone_pickaxe":1,"stat.useItem.minecraft.wooden_pickaxe":23,"stat.pickup.minecraft.cobblestone":87,"stat.craftItem.minecraft.wooden_sword":1,"stat.useItem.spartanweaponry.greatsword_stone":12,"stat.craftItem.minecraft.stone_sword":1,"stat.flyOneCm":8748,"tombstone:undead_killed":5,"stat.useItem.minecraft.stone_pickaxe":64,"stat.damageDealt":1283,"stat.timeSinceDeath":3628,"stat.mineBlock.minecraft.dirt":26,"stat.craftItem.minecraft.wooden_pickaxe":1,"stat.walkOneCm":73908,"stat.pickup.dynamictrees.birchseed":5,"stat.pickup.minecraft.stick":4,"stat.craftItem.minecraft.crafting_table":1,"stat.craftItem.spartanweaponry.material":1,"tombstone:tomb_raiding":1,"stat.pickup.srparasites.lurecomponent1":2,"stat.useItem.dynamictrees.oakseed":2,"stat.pickup.minecraft.log":22,"stat.pickup.minecraft.string":2,"stat.entityKilledBy.Skeleton":3,"stat.sprintOneCm":10798,"stat.craftItem.minecraft.stick":8,"stat.craftItem.minecraft.wooden_axe":1,"stat.killEntity.Skeleton":1,"stat.craftItem.minecraft.planks":60,"stat.killEntity.Spider":1,"stat.mobKills":12,"stat.pickup.dynamictrees.oakseed":11,"stat.deaths":4,"stat.playOneMinute":25987,"stat.useItem.minecraft.wooden_sword":7,"stat.sneakTime":211,"stat.killEntity.Zombie":4,"stat.useItem.minecraft.wooden_axe":10,"stat.mineBlock.minecraft.stone":87,"stat.diveOneCm":2188}