{"stat.pickup.minecraft.bone":8,"stat.leaveGame":7,"stat.pickup.minecraft.arrow":2,"stat.pickup.minecraft.stone_pickaxe":1,"stat.mineBlock.srparasites.gore":3,"stat.craftItem.spartanweaponry.greatsword_stone":1,"stat.jump":643,"stat.swimOneCm":13837,"stat.fallOneCm":14258,"stat.climbOneCm":79,"stat.useItem.minecraft.stone_axe":9,"stat.pickup.minecraft.gunpowder":4,"stat.crouchOneCm":120,"stat.pickup.minecraft.spider_eye":2,"stat.pickup.minecraft.dirt":26,"stat.craftItem.nocubessrparmory.twistedpart":2,"stat.useItem.minecraft.stone_slab2":4,"stat.pickup.minecraft.bow":1,"stat.craftingTableInteraction":10,"stat.pickup.minecraft.rotten_flesh":2,"stat.craftItem.minecraft.furnace":1,"stat.entityKilledBy.Spider":1,"stat.craftItem.minecraft.stone_axe":1,"stat.damageTaken":1853,"stat.craftItem.minecraft.stone_pickaxe":1,"stat.useItem.minecraft.wooden_pickaxe":23,"stat.pickup.spartanweaponry.greatsword_stone":1,"stat.pickup.minecraft.cobblestone":87,"stat.craftItem.minecraft.wooden_sword":1,"stat.useItem.spartanweaponry.greatsword_stone":84,"stat.pickup.srparasites.assimilated_flesh":5,"stat.pickup.minecraft.dye":4,"stat.craftItem.minecraft.stone_sword":1,"stat.flyOneCm":73476,"tombstone:undead_killed":10,"stat.killEntity.Witch":2,"stat.entityKilledBy.Zombie":1,"stat.useItem.minecraft.stone_pickaxe":64,"stat.damageDealt":4745,"stat.timeSinceDeath":450,"stat.mineBlock.minecraft.dirt":26,"stat.craftItem.minecraft.wooden_pickaxe":1,"stat.pickup.minecraft.mutton":2,"stat.walkOneCm":167909,"stat.pickup.dynamictrees.birchseed":6,"stat.pickup.minecraft.stick":8,"stat.craftItem.minecraft.crafting_table":1,"stat.craftItem.spartanweaponry.material":1,"stat.pickup.srparasites.lurecomponent2":1,"tombstone:tomb_raiding":1,"stat.pickup.srparasites.lurecomponent1":6,"stat.killEntity.Creeper":2,"stat.useItem.dynamictrees.oakseed":2,"stat.pickup.minecraft.log":32,"stat.pickup.minecraft.string":2,"stat.useItem.tombstone.gift":1,"stat.pickup.tombstone.crafting_ingredient":3,"stat.entityKilledBy.Skeleton":5,"stat.killEntity.Squid":2,"stat.sprintOneCm":86098,"stat.craftItem.minecraft.stick":8,"stat.craftItem.minecraft.wooden_axe":1,"stat.pickup.tombstone.magic_scroll":1,"stat.killEntity.Skeleton":2,"stat.craftItem.minecraft.planks":60,"stat.mineBlock.srparasites.infestremain":5,"stat.killEntity.Spider":2,"stat.mobKills":42,"stat.pickup.dynamictrees.oakseed":19,"stat.entityKilledBy.Creeper":1,"stat.deaths":9,"stat.playOneMinute":63611,"stat.useItem.minecraft.wooden_sword":7,"stat.killEntity.Sheep":1,"stat.sneakTime":264,"stat.killEntity.Zombie":8,"stat.useItem.minecraft.wooden_axe":10,"stat.mineBlock.minecraft.stone":87,"stat.mineBlock.minecraft.tallgrass":1,"stat.diveOneCm":8300}